testfm66-vgg-unified_trans-lr5e-5-bs-144-balbal-mix0.5-ls1-ld0.5-lst1-ldaFalse-e1024-se1024-h4-di0-ds6-asl30-vsl30-normTrue-feat2-a0.5-noiseTrue-r1,0.999935258319306,0.9998705166386119,0.9997410332772239,0.9997410332772239,0.9996762915965298,0.9994820665544477,0.9998705166386119
testfm66-vgg-unified_trans-lr5e-5-bs-144-balbal-mix0.5-ls1-ld0.5-lst1-ldaFalse-e1024-se1024-h4-di0-ds6-asl30-vsl30-normTrue-feat2-a0.5-noiseTrue-r2,0.999935258319306,0.9998057749579179,0.9997410332772239,0.9998057749579179,0.9997410332772239,0.9996115499158358,0.9995468082351417
testfm66-vgg-unified_trans-lr5e-5-bs-144-balbal-mix0.5-ls1-ld0.5-lst1-ldaFalse-e1024-se1024-h4-di0-ds6-asl30-vsl30-normTrue-feat2-a0.5-noiseTrue-r3,1.0,0.9996762915965298,0.9998057749579179,0.9996762915965298,0.9994173248737537,0.9990936164702836,0.9991583581509776
testfm66-vgg-unified_trans-lr5e-5-bs-144-balbal-mix0.5-ls1-ld0.5-lst1-ldaFalse-e1024-se1024-h4-di1-ds5-asl30-vsl30-normTrue-feat2-a0.5-noiseTrue-r1,0.9998057749579179,1.0,1.0,0.999935258319306,0.9996762915965298,0.9998057749579179,0.9997410332772239
testfm66-vgg-unified_trans-lr5e-5-bs-144-balbal-mix0.5-ls1-ld0.5-lst1-ldaFalse-e1024-se1024-h4-di1-ds5-asl30-vsl30-normTrue-feat2-a0.5-noiseTrue-r2,0.9998057749579179,0.9998057749579179,0.9998705166386119,0.9997410332772239,0.9998057749579179,0.9998057749579179,0.9997410332772239
testfm66-vgg-unified_trans-lr5e-5-bs-144-balbal-mix0.5-ls1-ld0.5-lst1-ldaFalse-e1024-se1024-h4-di1-ds5-asl30-vsl30-normTrue-feat2-a0.5-noiseTrue-r3,0.9998057749579179,0.999935258319306,0.999935258319306,0.9998705166386119,0.9998705166386119,0.9996762915965298,0.9995468082351417
testfm66-vgg-unified_trans-lr5e-5-bs-144-balbal-mix0.5-ls1-ld0.5-lst1-ldaFalse-e1024-se1024-h4-di2-ds4-asl30-vsl30-normTrue-feat2-a0.5-noiseTrue-r1,0.9998057749579179,0.9998057749579179,0.9998705166386119,0.9998705166386119,0.9991583581509776,0.9990936164702836,0.9988993914282015
testfm66-vgg-unified_trans-lr5e-5-bs-144-balbal-mix0.5-ls1-ld0.5-lst1-ldaFalse-e1024-se1024-h4-di2-ds4-asl30-vsl30-normTrue-feat2-a0.5-noiseTrue-r2,0.9998057749579179,1.0,1.0,0.9996762915965298,0.9988993914282015,0.9989641331088955,0.9987051663861194
testfm66-vgg-unified_trans-lr5e-5-bs-144-balbal-mix0.5-ls1-ld0.5-lst1-ldaFalse-e1024-se1024-h4-di2-ds4-asl30-vsl30-normTrue-feat2-a0.5-noiseTrue-r3,0.9998057749579179,0.999935258319306,0.9998705166386119,0.999935258319306,0.9994173248737537,0.9988993914282015,0.9985109413440373
testfm66-vgg-unified_trans-lr5e-5-bs-144-balbal-mix0.5-ls1-ld0.5-lst1-ldaFalse-e1024-se1024-h4-di3-ds3-asl30-vsl30-normTrue-feat2-a0.5-noiseTrue-r1,0.9997410332772239,1.0,0.999935258319306,0.9998705166386119,0.9997410332772239,0.9995468082351417,0.9995468082351417
testfm66-vgg-unified_trans-lr5e-5-bs-144-balbal-mix0.5-ls1-ld0.5-lst1-ldaFalse-e1024-se1024-h4-di3-ds3-asl30-vsl30-normTrue-feat2-a0.5-noiseTrue-r2,0.9997410332772239,1.0,0.999935258319306,0.9998057749579179,0.999935258319306,0.9997410332772239,0.9996115499158358
testfm66-vgg-unified_trans-lr5e-5-bs-144-balbal-mix0.5-ls1-ld0.5-lst1-ldaFalse-e1024-se1024-h4-di3-ds3-asl30-vsl30-normTrue-feat2-a0.5-noiseTrue-r3,0.9998057749579179,1.0,1.0,0.9998705166386119,0.9995468082351417,0.9994820665544477,0.9991583581509776
testfm66-vgg-unified_trans-lr5e-5-bs-144-balbal-mix0.5-ls1-ld0.5-lst1-ldaFalse-e1024-se1024-h4-di4-ds2-asl30-vsl30-normTrue-feat2-a0.5-noiseTrue-r1,0.9997410332772239,1.0,0.999935258319306,0.999935258319306,0.9998705166386119,0.9997410332772239,0.9995468082351417
testfm66-vgg-unified_trans-lr5e-5-bs-144-balbal-mix0.5-ls1-ld0.5-lst1-ldaFalse-e1024-se1024-h4-di4-ds2-asl30-vsl30-normTrue-feat2-a0.5-noiseTrue-r2,0.9998057749579179,0.999935258319306,1.0,0.999935258319306,0.9998057749579179,0.9998057749579179,0.9992878415123657
testfm66-vgg-unified_trans-lr5e-5-bs-144-balbal-mix0.5-ls1-ld0.5-lst1-ldaFalse-e1024-se1024-h4-di4-ds2-asl30-vsl30-normTrue-feat2-a0.5-noiseTrue-r3,0.9998057749579179,0.999935258319306,1.0,1.0,0.999935258319306,0.9997410332772239,0.9993525831930596
testfm66-vgg-unified_trans-lr5e-5-bs-144-balbal-mix0.5-ls1-ld0.5-lst1-ldaFalse-e1024-se1024-h4-di5-ds1-asl30-vsl30-normTrue-feat2-a0.5-noiseTrue-r1,0.9998057749579179,0.999935258319306,1.0,0.999935258319306,0.999935258319306,1.0,0.9998057749579179
testfm66-vgg-unified_trans-lr5e-5-bs-144-balbal-mix0.5-ls1-ld0.5-lst1-ldaFalse-e1024-se1024-h4-di5-ds1-asl30-vsl30-normTrue-feat2-a0.5-noiseTrue-r2,0.9997410332772239,1.0,1.0,0.999935258319306,1.0,0.9996762915965298,0.9992878415123657
testfm66-vgg-unified_trans-lr5e-5-bs-144-balbal-mix0.5-ls1-ld0.5-lst1-ldaFalse-e1024-se1024-h4-di5-ds1-asl30-vsl30-normTrue-feat2-a0.5-noiseTrue-r3,0.9997410332772239,0.999935258319306,0.9998705166386119,1.0,0.999935258319306,0.9998705166386119,0.9996115499158358
testfm66-vgg-unified_trans-lr5e-5-bs-144-balbal-mix0.5-ls1-ld0.5-lst1-ldaFalse-e1024-se1024-h4-di6-ds0-asl30-vsl30-normTrue-feat2-a0.5-noiseTrue-r1,0.9998057749579179,0.999935258319306,0.999935258319306,1.0,1.0,1.0,0.999935258319306
testfm66-vgg-unified_trans-lr5e-5-bs-144-balbal-mix0.5-ls1-ld0.5-lst1-ldaFalse-e1024-se1024-h4-di6-ds0-asl30-vsl30-normTrue-feat2-a0.5-noiseTrue-r2,0.9998057749579179,0.999935258319306,0.999935258319306,1.0,0.999935258319306,0.999935258319306,0.999935258319306
testfm66-vgg-unified_trans-lr5e-5-bs-144-balbal-mix0.5-ls1-ld0.5-lst1-ldaFalse-e1024-se1024-h4-di6-ds0-asl30-vsl30-normTrue-feat2-a0.5-noiseTrue-r3,0.9997410332772239,1.0,1.0,1.0,1.0,0.999935258319306,0.999935258319306
testfm69-vgg-unified_trans-lr5e-4-bs-144-balbal-mix0.5-ls1-ld0.5-lst1-ldaTrue-e1024-se16-h4-di0-ds6-asl30-vsl30-normTrue-feat2-a0.5-noiseTrue-r1,0.7376667098277871,0.6276058526479348,0.6023565971772628,0.5868833354913894,0.5662307393499936,0.5536061116146576,0.5530881781691053
testfm69-vgg-unified_trans-lr5e-4-bs-144-balbal-mix0.5-ls1-ld0.5-lst1-ldaTrue-e1024-se16-h4-di0-ds6-asl30-vsl30-normTrue-feat2-a0.5-noiseTrue-r2,0.6196426259225689,0.6447623980318529,0.6647028356856144,0.6230739349993526,0.6032629807069791,0.5888903275929043,0.5886313608701282
testfm69-vgg-unified_trans-lr5e-4-bs-144-balbal-mix0.5-ls1-ld0.5-lst1-ldaTrue-e1024-se16-h4-di0-ds6-asl30-vsl30-normTrue-feat2-a0.5-noiseTrue-r3,0.6853554318270102,0.588242910785964,0.5799559756571281,0.5686261815356727,0.5655833225430532,0.552699728084941,0.5745824161595235
testfm69-vgg-unified_trans-lr5e-4-bs-144-balbal-mix0.5-ls1-ld0.5-lst1-ldaTrue-e1024-se16-h4-di1-ds5-asl30-vsl30-normTrue-feat2-a0.5-noiseTrue-r1,0.999935258319306,0.9996762915965298,0.6151107082739868,0.6095429237343002,0.5990547714618671,0.5758125080927101,0.569338340023307
testfm69-vgg-unified_trans-lr5e-4-bs-144-balbal-mix0.5-ls1-ld0.5-lst1-ldaTrue-e1024-se16-h4-di1-ds5-asl30-vsl30-normTrue-feat2-a0.5-noiseTrue-r2,0.999935258319306,0.9994820665544477,0.5306228149682766,0.5301696232034183,0.5323060986663214,0.5311407484138289,0.5269325391687169
testfm69-vgg-unified_trans-lr5e-4-bs-144-balbal-mix0.5-ls1-ld0.5-lst1-ldaTrue-e1024-se16-h4-di1-ds5-asl30-vsl30-normTrue-feat2-a0.5-noiseTrue-r3,0.999935258319306,0.9997410332772239,0.5486210022012171,0.542017350770426,0.5422115758125081,0.541952609089732,0.5490094522853813
testfm69-vgg-unified_trans-lr5e-4-bs-144-balbal-mix0.5-ls1-ld0.5-lst1-ldaTrue-e1024-se16-h4-di2-ds4-asl30-vsl30-normTrue-feat2-a0.5-noiseTrue-r1,0.999935258319306,1.0,1.0,0.6430791143338082,0.6464456817298977,0.6274116276058527,0.6069532565065389
testfm69-vgg-unified_trans-lr5e-4-bs-144-balbal-mix0.5-ls1-ld0.5-lst1-ldaTrue-e1024-se16-h4-di2-ds4-asl30-vsl30-normTrue-feat2-a0.5-noiseTrue-r2,0.999935258319306,1.0,1.0,0.5890198109542923,0.5826751262462774,0.5810565842289266,0.5758125080927101
testfm69-vgg-unified_trans-lr5e-4-bs-144-balbal-mix0.5-ls1-ld0.5-lst1-ldaTrue-e1024-se16-h4-di2-ds4-asl30-vsl30-normTrue-feat2-a0.5-noiseTrue-r3,0.999935258319306,1.0,1.0,0.5998964133108895,0.5892787776770685,0.5865596270879192,0.5815097759937848
testfm69-vgg-unified_trans-lr5e-4-bs-144-balbal-mix0.5-ls1-ld0.5-lst1-ldaTrue-e1024-se16-h4-di3-ds3-asl30-vsl30-normTrue-feat2-a0.5-noiseTrue-r1,0.999935258319306,1.0,1.0,1.0,0.6085070568431956,0.5978246795286806,0.5982778712935388
testfm69-vgg-unified_trans-lr5e-4-bs-144-balbal-mix0.5-ls1-ld0.5-lst1-ldaTrue-e1024-se16-h4-di3-ds3-asl30-vsl30-normTrue-feat2-a0.5-noiseTrue-r2,0.999935258319306,1.0,1.0,1.0,0.7671889162242652,0.7700375501748026,0.7507445293279813
testfm69-vgg-unified_trans-lr5e-4-bs-144-balbal-mix0.5-ls1-ld0.5-lst1-ldaTrue-e1024-se16-h4-di3-ds3-asl30-vsl30-normTrue-feat2-a0.5-noiseTrue-r3,0.999935258319306,1.0,1.0,1.0,0.5766541499417325,0.5801502006992102,0.5813802926323968
testfm69-vgg-unified_trans-lr5e-4-bs-144-balbal-mix0.5-ls1-ld0.5-lst1-ldaTrue-e1024-se16-h4-di4-ds2-asl30-vsl30-normTrue-feat2-a0.5-noiseTrue-r1,0.9997410332772239,1.0,1.0,1.0,1.0,0.5817040010358668,0.5765894082610384
testfm69-vgg-unified_trans-lr5e-4-bs-144-balbal-mix0.5-ls1-ld0.5-lst1-ldaTrue-e1024-se16-h4-di4-ds2-asl30-vsl30-normTrue-feat2-a0.5-noiseTrue-r2,0.999935258319306,1.0,1.0,1.0,1.0,0.8051922827916612,0.7915965298459148
testfm69-vgg-unified_trans-lr5e-4-bs-144-balbal-mix0.5-ls1-ld0.5-lst1-ldaTrue-e1024-se16-h4-di4-ds2-asl30-vsl30-normTrue-feat2-a0.5-noiseTrue-r3,0.999935258319306,1.0,1.0,1.0,1.0,0.6205490094522854,0.607276964910009
testfm69-vgg-unified_trans-lr5e-4-bs-144-balbal-mix0.5-ls1-ld0.5-lst1-ldaTrue-e1024-se16-h4-di5-ds1-asl30-vsl30-normTrue-feat2-a0.5-noiseTrue-r1,0.999935258319306,1.0,1.0,1.0,1.0,1.0,0.7471837368898097
testfm69-vgg-unified_trans-lr5e-4-bs-144-balbal-mix0.5-ls1-ld0.5-lst1-ldaTrue-e1024-se16-h4-di5-ds1-asl30-vsl30-normTrue-feat2-a0.5-noiseTrue-r2,0.9998057749579179,1.0,1.0,1.0,1.0,1.0,0.5653890975009711
testfm69-vgg-unified_trans-lr5e-4-bs-144-balbal-mix0.5-ls1-ld0.5-lst1-ldaTrue-e1024-se16-h4-di5-ds1-asl30-vsl30-normTrue-feat2-a0.5-noiseTrue-r3,0.999935258319306,1.0,1.0,1.0,1.0,1.0,0.7367603262980706
testfm69-vgg-unified_trans-lr5e-4-bs-144-balbal-mix0.5-ls1-ld0.5-lst1-ldaTrue-e1024-se16-h4-di6-ds0-asl30-vsl30-normTrue-feat2-a0.5-noiseTrue-r1,0.999935258319306,1.0,1.0,1.0,1.0,1.0,1.0
testfm69-vgg-unified_trans-lr5e-4-bs-144-balbal-mix0.5-ls1-ld0.5-lst1-ldaTrue-e1024-se16-h4-di6-ds0-asl30-vsl30-normTrue-feat2-a0.5-noiseTrue-r2,0.9998705166386119,1.0,1.0,1.0,1.0,1.0,1.0
testfm69-vgg-unified_trans-lr5e-4-bs-144-balbal-mix0.5-ls1-ld0.5-lst1-ldaTrue-e1024-se16-h4-di6-ds0-asl30-vsl30-normTrue-feat2-a0.5-noiseTrue-r3,0.9998057749579179,1.0,1.0,1.0,1.0,1.0,1.0
testfm69-vgg-unified_trans-lr5e-4-bs-144-balbal-mix0.5-ls1-ld0.5-lst1-ldaTrue-e1024-se32-h4-di0-ds6-asl30-vsl30-normTrue-feat2-a0.5-noiseTrue-r1,0.7156545383918167,0.7053606111614658,0.7000517933445553,0.6961672925029134,0.6765505632526221,0.6461219733264275,0.6187362423928525
testfm69-vgg-unified_trans-lr5e-4-bs-144-balbal-mix0.5-ls1-ld0.5-lst1-ldaTrue-e1024-se32-h4-di0-ds6-asl30-vsl30-normTrue-feat2-a0.5-noiseTrue-r2,0.9304026932539169,0.7552117052958695,0.712223229315033,0.6893046743493461,0.6753204713194354,0.6654149941732488,0.6316845785316587
testfm69-vgg-unified_trans-lr5e-4-bs-144-balbal-mix0.5-ls1-ld0.5-lst1-ldaTrue-e1024-se32-h4-di0-ds6-asl30-vsl30-normTrue-feat2-a0.5-noiseTrue-r3,0.9391428201476111,0.7958047390910268,0.7420044024342872,0.7050369027579956,0.6940308170400104,0.6817298977081445,0.6810177392205101
testfm69-vgg-unified_trans-lr5e-4-bs-144-balbal-mix0.5-ls1-ld0.5-lst1-ldaTrue-e1024-se32-h4-di1-ds5-asl30-vsl30-normTrue-feat2-a0.5-noiseTrue-r1,0.999935258319306,0.9976692994950149,0.7222581898226078,0.7219344814191376,0.707950278389227,0.6963615175449954,0.687038715525055
testfm69-vgg-unified_trans-lr5e-4-bs-144-balbal-mix0.5-ls1-ld0.5-lst1-ldaTrue-e1024-se32-h4-di1-ds5-asl30-vsl30-normTrue-feat2-a0.5-noiseTrue-r2,0.999935258319306,0.9946264405023955,0.5938754370063447,0.5954939790236955,0.5947170788553671,0.5937459536449566,0.594522853813285
testfm69-vgg-unified_trans-lr5e-4-bs-144-balbal-mix0.5-ls1-ld0.5-lst1-ldaTrue-e1024-se32-h4-di1-ds5-asl30-vsl30-normTrue-feat2-a0.5-noiseTrue-r3,0.999935258319306,0.9976692994950149,0.6003496050757477,0.5991195131425612,0.6006085717985239,0.5997021882688075,0.5996374465881135
testfm69-vgg-unified_trans-lr5e-4-bs-144-balbal-mix0.5-ls1-ld0.5-lst1-ldaTrue-e1024-se32-h4-di2-ds4-asl30-vsl30-normTrue-feat2-a0.5-noiseTrue-r1,0.999935258319306,1.0,1.0,0.6777159135051146,0.6737666709827788,0.6693642366955846,0.6650265440890846
testfm69-vgg-unified_trans-lr5e-4-bs-144-balbal-mix0.5-ls1-ld0.5-lst1-ldaTrue-e1024-se32-h4-di2-ds4-asl30-vsl30-normTrue-feat2-a0.5-noiseTrue-r2,0.999935258319306,1.0,1.0,0.7809141525313997,0.7770943933704519,0.7740515343778325,0.7655056325262204
testfm69-vgg-unified_trans-lr5e-4-bs-144-balbal-mix0.5-ls1-ld0.5-lst1-ldaTrue-e1024-se32-h4-di2-ds4-asl30-vsl30-normTrue-feat2-a0.5-noiseTrue-r3,0.999935258319306,1.0,1.0,0.8016314903534896,0.7950925806033925,0.7862877120290043,0.7827916612715267
testfm69-vgg-unified_trans-lr5e-4-bs-144-balbal-mix0.5-ls1-ld0.5-lst1-ldaTrue-e1024-se32-h4-di3-ds3-asl30-vsl30-normTrue-feat2-a0.5-noiseTrue-r1,0.999935258319306,1.0,1.0,1.0,0.60921921533083,0.6078596400362554,0.6118736242392853
testfm69-vgg-unified_trans-lr5e-4-bs-144-balbal-mix0.5-ls1-ld0.5-lst1-ldaTrue-e1024-se32-h4-di3-ds3-asl30-vsl30-normTrue-feat2-a0.5-noiseTrue-r2,0.999935258319306,1.0,1.0,1.0,0.7596788812637576,0.74783115369675,0.7427813026026155
testfm69-vgg-unified_trans-lr5e-4-bs-144-balbal-mix0.5-ls1-ld0.5-lst1-ldaTrue-e1024-se32-h4-di3-ds3-asl30-vsl30-normTrue-feat2-a0.5-noiseTrue-r3,0.999935258319306,1.0,1.0,1.0,0.6390651301307781,0.6351806292891363,0.6340152790366438
testfm69-vgg-unified_trans-lr5e-4-bs-144-balbal-mix0.5-ls1-ld0.5-lst1-ldaTrue-e1024-se32-h4-di4-ds2-asl30-vsl30-normTrue-feat2-a0.5-noiseTrue-r1,0.999935258319306,1.0,1.0,1.0,1.0,0.8468211834779231,0.8398938236436618
testfm69-vgg-unified_trans-lr5e-4-bs-144-balbal-mix0.5-ls1-ld0.5-lst1-ldaTrue-e1024-se32-h4-di4-ds2-asl30-vsl30-normTrue-feat2-a0.5-noiseTrue-r2,0.999935258319306,1.0,1.0,1.0,1.0,0.7954162890068626,0.7895247960637058
testfm69-vgg-unified_trans-lr5e-4-bs-144-balbal-mix0.5-ls1-ld0.5-lst1-ldaTrue-e1024-se32-h4-di4-ds2-asl30-vsl30-normTrue-feat2-a0.5-noiseTrue-r3,0.9998705166386119,1.0,1.0,1.0,1.0,0.6542794250938755,0.6537614916483232
testfm69-vgg-unified_trans-lr5e-4-bs-144-balbal-mix0.5-ls1-ld0.5-lst1-ldaTrue-e1024-se32-h4-di5-ds1-asl30-vsl30-normTrue-feat2-a0.5-noiseTrue-r1,0.999935258319306,1.0,1.0,1.0,1.0,1.0,0.7433639777288619
testfm69-vgg-unified_trans-lr5e-4-bs-144-balbal-mix0.5-ls1-ld0.5-lst1-ldaTrue-e1024-se32-h4-di5-ds1-asl30-vsl30-normTrue-feat2-a0.5-noiseTrue-r2,0.999935258319306,1.0,1.0,1.0,1.0,1.0,0.6919590832578014
testfm69-vgg-unified_trans-lr5e-4-bs-144-balbal-mix0.5-ls1-ld0.5-lst1-ldaTrue-e1024-se32-h4-di5-ds1-asl30-vsl30-normTrue-feat2-a0.5-noiseTrue-r3,0.999935258319306,1.0,1.0,1.0,1.0,1.0,0.9046355043376926
testfm69-vgg-unified_trans-lr5e-4-bs-144-balbal-mix0.5-ls1-ld0.5-lst1-ldaTrue-e1024-se32-h4-di6-ds0-asl30-vsl30-normTrue-feat2-a0.5-noiseTrue-r1,0.9998705166386119,1.0,1.0,1.0,1.0,1.0,1.0
testfm69-vgg-unified_trans-lr5e-4-bs-144-balbal-mix0.5-ls1-ld0.5-lst1-ldaTrue-e1024-se32-h4-di6-ds0-asl30-vsl30-normTrue-feat2-a0.5-noiseTrue-r2,0.9998705166386119,1.0,1.0,1.0,1.0,1.0,1.0
testfm69-vgg-unified_trans-lr5e-4-bs-144-balbal-mix0.5-ls1-ld0.5-lst1-ldaTrue-e1024-se32-h4-di6-ds0-asl30-vsl30-normTrue-feat2-a0.5-noiseTrue-r3,0.9998705166386119,1.0,1.0,1.0,1.0,1.0,1.0
testfm69-vgg-unified_trans-lr5e-5-bs-144-balbal-mix0.5-ls1-ld0.5-lst1-ldaTrue-e1024-se1024-h4-di0-ds6-asl30-vsl30-normTrue-feat2-a0.5-noiseTrue-r1,1.0,0.9995468082351417,0.9992878415123657,0.9987699080668134,0.997928266217791,0.9974750744529328,0.9972161077301567
testfm69-vgg-unified_trans-lr5e-5-bs-144-balbal-mix0.5-ls1-ld0.5-lst1-ldaTrue-e1024-se1024-h4-di0-ds6-asl30-vsl30-normTrue-feat2-a0.5-noiseTrue-r2,0.9996762915965298,0.9994820665544477,0.9988993914282015,0.997993007898485,0.997928266217791,0.995727049074194,0.9948206655444776
testfm69-vgg-unified_trans-lr5e-5-bs-144-balbal-mix0.5-ls1-ld0.5-lst1-ldaTrue-e1024-se1024-h4-di0-ds6-asl30-vsl30-normTrue-feat2-a0.5-noiseTrue-r3,0.9998705166386119,0.9994820665544477,0.9992878415123657,0.9984461996633432,0.997993007898485,0.9968923993266865,0.9967629159652984
testfm69-vgg-unified_trans-lr5e-5-bs-144-balbal-mix0.5-ls1-ld0.5-lst1-ldaTrue-e1024-se1024-h4-di1-ds5-asl30-vsl30-normTrue-feat2-a0.5-noiseTrue-r1,0.9998057749579179,1.0,0.9996115499158358,0.9991583581509776,0.9983167163019552,0.9985109413440373,0.998057749579179
testfm69-vgg-unified_trans-lr5e-5-bs-144-balbal-mix0.5-ls1-ld0.5-lst1-ldaTrue-e1024-se1024-h4-di1-ds5-asl30-vsl30-normTrue-feat2-a0.5-noiseTrue-r2,0.9997410332772239,0.9996762915965298,0.9996115499158358,0.9994173248737537,0.9984461996633432,0.9981872329405671,0.9972808494108507
testfm69-vgg-unified_trans-lr5e-5-bs-144-balbal-mix0.5-ls1-ld0.5-lst1-ldaTrue-e1024-se1024-h4-di1-ds5-asl30-vsl30-normTrue-feat2-a0.5-noiseTrue-r3,0.9998057749579179,0.9998705166386119,0.9996115499158358,0.9981872329405671,0.997734041175709,0.997798782856403,0.9976692994950149
testfm69-vgg-unified_trans-lr5e-5-bs-144-balbal-mix0.5-ls1-ld0.5-lst1-ldaTrue-e1024-se1024-h4-di2-ds4-asl30-vsl30-normTrue-feat2-a0.5-noiseTrue-r1,0.9997410332772239,0.9998705166386119,0.9998057749579179,0.9996115499158358,0.9991583581509776,0.9986404247054254,0.9982519746212611
testfm69-vgg-unified_trans-lr5e-5-bs-144-balbal-mix0.5-ls1-ld0.5-lst1-ldaTrue-e1024-se1024-h4-di2-ds4-asl30-vsl30-normTrue-feat2-a0.5-noiseTrue-r2,0.9998057749579179,1.0,0.9993525831930596,0.9988993914282015,0.9983814579826492,0.997863524537097,0.9976692994950149
testfm69-vgg-unified_trans-lr5e-5-bs-144-balbal-mix0.5-ls1-ld0.5-lst1-ldaTrue-e1024-se1024-h4-di2-ds4-asl30-vsl30-normTrue-feat2-a0.5-noiseTrue-r3,0.9998057749579179,1.0,0.9995468082351417,0.9990936164702836,0.9984461996633432,0.997993007898485,0.9986404247054254
testfm69-vgg-unified_trans-lr5e-5-bs-144-balbal-mix0.5-ls1-ld0.5-lst1-ldaTrue-e1024-se1024-h4-di3-ds3-asl30-vsl30-normTrue-feat2-a0.5-noiseTrue-r1,0.9998057749579179,1.0,1.0,0.9998057749579179,0.9997410332772239,0.9996115499158358,0.9994820665544477
testfm69-vgg-unified_trans-lr5e-5-bs-144-balbal-mix0.5-ls1-ld0.5-lst1-ldaTrue-e1024-se1024-h4-di3-ds3-asl30-vsl30-normTrue-feat2-a0.5-noiseTrue-r2,0.9998057749579179,1.0,1.0,0.9998705166386119,1.0,0.9995468082351417,0.9992878415123657
testfm69-vgg-unified_trans-lr5e-5-bs-144-balbal-mix0.5-ls1-ld0.5-lst1-ldaTrue-e1024-se1024-h4-di3-ds3-asl30-vsl30-normTrue-feat2-a0.5-noiseTrue-r3,0.9998057749579179,1.0,1.0,1.0,0.9998057749579179,0.9996762915965298,0.9994173248737537
testfm69-vgg-unified_trans-lr5e-5-bs-144-balbal-mix0.5-ls1-ld0.5-lst1-ldaTrue-e1024-se1024-h4-di4-ds2-asl30-vsl30-normTrue-feat2-a0.5-noiseTrue-r1,0.9998057749579179,1.0,1.0,1.0,0.999935258319306,0.9998705166386119,0.9997410332772239
testfm69-vgg-unified_trans-lr5e-5-bs-144-balbal-mix0.5-ls1-ld0.5-lst1-ldaTrue-e1024-se1024-h4-di4-ds2-asl30-vsl30-normTrue-feat2-a0.5-noiseTrue-r2,0.9998057749579179,1.0,1.0,1.0,1.0,1.0,0.999935258319306
testfm69-vgg-unified_trans-lr5e-5-bs-144-balbal-mix0.5-ls1-ld0.5-lst1-ldaTrue-e1024-se1024-h4-di4-ds2-asl30-vsl30-normTrue-feat2-a0.5-noiseTrue-r3,0.9998057749579179,1.0,0.999935258319306,0.999935258319306,0.999935258319306,0.999935258319306,0.9997410332772239
testfm69-vgg-unified_trans-lr5e-5-bs-144-balbal-mix0.5-ls1-ld0.5-lst1-ldaTrue-e1024-se1024-h4-di5-ds1-asl30-vsl30-normTrue-feat2-a0.5-noiseTrue-r1,0.9998057749579179,1.0,1.0,1.0,1.0,1.0,0.999935258319306
testfm69-vgg-unified_trans-lr5e-5-bs-144-balbal-mix0.5-ls1-ld0.5-lst1-ldaTrue-e1024-se1024-h4-di5-ds1-asl30-vsl30-normTrue-feat2-a0.5-noiseTrue-r2,0.9998057749579179,1.0,1.0,1.0,1.0,1.0,0.999935258319306
testfm69-vgg-unified_trans-lr5e-5-bs-144-balbal-mix0.5-ls1-ld0.5-lst1-ldaTrue-e1024-se1024-h4-di5-ds1-asl30-vsl30-normTrue-feat2-a0.5-noiseTrue-r3,0.9997410332772239,0.999935258319306,1.0,1.0,1.0,0.9998705166386119,0.9998057749579179
testfm69-vgg-unified_trans-lr5e-5-bs-144-balbal-mix0.5-ls1-ld0.5-lst1-ldaTrue-e1024-se1024-h4-di6-ds0-asl30-vsl30-normTrue-feat2-a0.5-noiseTrue-r1,0.9998057749579179,1.0,1.0,1.0,1.0,1.0,0.999935258319306
testfm69-vgg-unified_trans-lr5e-5-bs-144-balbal-mix0.5-ls1-ld0.5-lst1-ldaTrue-e1024-se1024-h4-di6-ds0-asl30-vsl30-normTrue-feat2-a0.5-noiseTrue-r2,0.9997410332772239,1.0,0.999935258319306,1.0,1.0,1.0,1.0
testfm69-vgg-unified_trans-lr5e-5-bs-144-balbal-mix0.5-ls1-ld0.5-lst1-ldaTrue-e1024-se1024-h4-di6-ds0-asl30-vsl30-normTrue-feat2-a0.5-noiseTrue-r3,0.9998057749579179,1.0,1.0,0.999935258319306,0.999935258319306,1.0,0.9998705166386119
testfm69-vgg-unified_trans-lr5e-5-bs-144-balbal-mix0.5-ls1-ld0.5-lst1-ldaTrue-e1024-se128-h4-di0-ds6-asl30-vsl30-normTrue-feat2-a0.5-noiseTrue-r1,0.9069662048426778,0.8982260779489836,0.8714230221416548,0.8510293927230351,0.8366567396089603,0.8119901592645346,0.8072640165738703
testfm69-vgg-unified_trans-lr5e-5-bs-144-balbal-mix0.5-ls1-ld0.5-lst1-ldaTrue-e1024-se128-h4-di0-ds6-asl30-vsl30-normTrue-feat2-a0.5-noiseTrue-r2,0.901268936941603,0.8738832060080279,0.857179852388968,0.833937589019811,0.8137381846432733,0.8158746601061764,0.7886831542146834
testfm69-vgg-unified_trans-lr5e-5-bs-144-balbal-mix0.5-ls1-ld0.5-lst1-ldaTrue-e1024-se128-h4-di0-ds6-asl30-vsl30-normTrue-feat2-a0.5-noiseTrue-r3,0.8847598083646252,0.8478570503690276,0.8331606888514825,0.8103068755664897,0.7940567137122879,0.7954162890068626,0.771008675385213
testfm69-vgg-unified_trans-lr5e-5-bs-144-balbal-mix0.5-ls1-ld0.5-lst1-ldaTrue-e1024-se128-h4-di1-ds5-asl30-vsl30-normTrue-feat2-a0.5-noiseTrue-r1,0.9998057749579179,0.9989641331088955,0.7882299624498252,0.7843454616081833,0.7875178039621908,0.783503819759161,0.7864171953903923
testfm69-vgg-unified_trans-lr5e-5-bs-144-balbal-mix0.5-ls1-ld0.5-lst1-ldaTrue-e1024-se128-h4-di1-ds5-asl30-vsl30-normTrue-feat2-a0.5-noiseTrue-r2,0.9997410332772239,0.9992878415123657,0.850705684319565,0.8463679917130649,0.8471448918813932,0.8479865337304157,0.8467564417972291
testfm69-vgg-unified_trans-lr5e-5-bs-144-balbal-mix0.5-ls1-ld0.5-lst1-ldaTrue-e1024-se128-h4-di1-ds5-asl30-vsl30-normTrue-feat2-a0.5-noiseTrue-r3,0.9998057749579179,0.9992878415123657,0.8663731710475204,0.8589926194484009,0.854913893564677,0.846626958435841,0.8397643402822738
testfm69-vgg-unified_trans-lr5e-5-bs-144-balbal-mix0.5-ls1-ld0.5-lst1-ldaTrue-e1024-se128-h4-di2-ds4-asl30-vsl30-normTrue-feat2-a0.5-noiseTrue-r1,0.9998057749579179,1.0,1.0,0.8345202641460572,0.8279813543959601,0.8263628123786093,0.8212482196037809
testfm69-vgg-unified_trans-lr5e-5-bs-144-balbal-mix0.5-ls1-ld0.5-lst1-ldaTrue-e1024-se128-h4-di2-ds4-asl30-vsl30-normTrue-feat2-a0.5-noiseTrue-r2,0.9998057749579179,1.0,1.0,0.8218956364107213,0.8204065777547586,0.8221546031334973,0.8168457853165868
testfm69-vgg-unified_trans-lr5e-5-bs-144-balbal-mix0.5-ls1-ld0.5-lst1-ldaTrue-e1024-se128-h4-di2-ds4-asl30-vsl30-normTrue-feat2-a0.5-noiseTrue-r3,0.9997410332772239,1.0,1.0,0.8441020328887738,0.8439725495273858,0.8394406318788036,0.8418360740644827
testfm69-vgg-unified_trans-lr5e-5-bs-144-balbal-mix0.5-ls1-ld0.5-lst1-ldaTrue-e1024-se128-h4-di3-ds3-asl30-vsl30-normTrue-feat2-a0.5-noiseTrue-r1,0.9998057749579179,0.999935258319306,1.0,1.0,0.8217014113686392,0.8186585523760197,0.8160688851482585
testfm69-vgg-unified_trans-lr5e-5-bs-144-balbal-mix0.5-ls1-ld0.5-lst1-ldaTrue-e1024-se128-h4-di3-ds3-asl30-vsl30-normTrue-feat2-a0.5-noiseTrue-r2,0.9998057749579179,1.0,1.0,1.0,0.8485044671759678,0.8459795416289007,0.8441020328887738
testfm69-vgg-unified_trans-lr5e-5-bs-144-balbal-mix0.5-ls1-ld0.5-lst1-ldaTrue-e1024-se128-h4-di3-ds3-asl30-vsl30-normTrue-feat2-a0.5-noiseTrue-r3,0.9997410332772239,0.999935258319306,1.0,0.999935258319306,0.8432603910397514,0.8371746730545125,0.8344555224653633
testfm69-vgg-unified_trans-lr5e-5-bs-144-balbal-mix0.5-ls1-ld0.5-lst1-ldaTrue-e1024-se128-h4-di4-ds2-asl30-vsl30-normTrue-feat2-a0.5-noiseTrue-r1,0.9998057749579179,1.0,1.0,1.0,1.0,0.8266217791013855,0.825521170529587
testfm69-vgg-unified_trans-lr5e-5-bs-144-balbal-mix0.5-ls1-ld0.5-lst1-ldaTrue-e1024-se128-h4-di4-ds2-asl30-vsl30-normTrue-feat2-a0.5-noiseTrue-r2,0.9998057749579179,0.999935258319306,1.0,1.0,1.0,0.8357503560792439,0.8329664638094005
testfm69-vgg-unified_trans-lr5e-5-bs-144-balbal-mix0.5-ls1-ld0.5-lst1-ldaTrue-e1024-se128-h4-di4-ds2-asl30-vsl30-normTrue-feat2-a0.5-noiseTrue-r3,0.9997410332772239,1.0,1.0,1.0,1.0,0.7682247831153697,0.7642755405930338
testfm69-vgg-unified_trans-lr5e-5-bs-144-balbal-mix0.5-ls1-ld0.5-lst1-ldaTrue-e1024-se128-h4-di5-ds1-asl30-vsl30-normTrue-feat2-a0.5-noiseTrue-r1,0.9998057749579179,1.0,1.0,1.0,1.0,1.0,0.7824032111873624
testfm69-vgg-unified_trans-lr5e-5-bs-144-balbal-mix0.5-ls1-ld0.5-lst1-ldaTrue-e1024-se128-h4-di5-ds1-asl30-vsl30-normTrue-feat2-a0.5-noiseTrue-r2,0.9998057749579179,1.0,1.0,1.0,1.0,1.0,0.7381846432733393
testfm69-vgg-unified_trans-lr5e-5-bs-144-balbal-mix0.5-ls1-ld0.5-lst1-ldaTrue-e1024-se128-h4-di5-ds1-asl30-vsl30-normTrue-feat2-a0.5-noiseTrue-r3,0.9998057749579179,1.0,1.0,1.0,1.0,1.0,0.7357244594069662
testfm69-vgg-unified_trans-lr5e-5-bs-144-balbal-mix0.5-ls1-ld0.5-lst1-ldaTrue-e1024-se128-h4-di6-ds0-asl30-vsl30-normTrue-feat2-a0.5-noiseTrue-r1,0.9998057749579179,1.0,1.0,1.0,1.0,1.0,0.9998705166386119
testfm69-vgg-unified_trans-lr5e-5-bs-144-balbal-mix0.5-ls1-ld0.5-lst1-ldaTrue-e1024-se128-h4-di6-ds0-asl30-vsl30-normTrue-feat2-a0.5-noiseTrue-r2,0.9997410332772239,0.999935258319306,1.0,1.0,1.0,1.0,0.9998705166386119
testfm69-vgg-unified_trans-lr5e-5-bs-144-balbal-mix0.5-ls1-ld0.5-lst1-ldaTrue-e1024-se128-h4-di6-ds0-asl30-vsl30-normTrue-feat2-a0.5-noiseTrue-r3,0.9998057749579179,0.999935258319306,1.0,1.0,1.0,1.0,1.0
testfm69-vgg-unified_trans-lr5e-5-bs-144-balbal-mix0.5-ls1-ld0.5-lst1-ldaTrue-e1024-se16-h4-di0-ds6-asl30-vsl30-normTrue-feat2-a0.5-noiseTrue-r1,0.5998316716301956,0.5942638870905089,0.5763951832189563,0.565194872458889,0.5710863654020458,0.5602097630454487,0.5263498640424705
testfm69-vgg-unified_trans-lr5e-5-bs-144-balbal-mix0.5-ls1-ld0.5-lst1-ldaTrue-e1024-se16-h4-di0-ds6-asl30-vsl30-normTrue-feat2-a0.5-noiseTrue-r2,0.6116146575165091,0.6105787906254047,0.6103198239026285,0.6019681470930985,0.5870128188527775,0.5824161595235012,0.5740644827139713
testfm69-vgg-unified_trans-lr5e-5-bs-144-balbal-mix0.5-ls1-ld0.5-lst1-ldaTrue-e1024-se16-h4-di0-ds6-asl30-vsl30-normTrue-feat2-a0.5-noiseTrue-r3,0.5725106823773145,0.5747766412016055,0.5734170659070309,0.5872070438948596,0.5888255859122102,0.5871423022141655,0.5795027838922698
testfm69-vgg-unified_trans-lr5e-5-bs-144-balbal-mix0.5-ls1-ld0.5-lst1-ldaTrue-e1024-se16-h4-di1-ds5-asl30-vsl30-normTrue-feat2-a0.5-noiseTrue-r1,0.999935258319306,1.0,0.5847468600284863,0.5885666191894342,0.5890198109542923,0.5919979282662178,0.5986663213777029
testfm69-vgg-unified_trans-lr5e-5-bs-144-balbal-mix0.5-ls1-ld0.5-lst1-ldaTrue-e1024-se16-h4-di1-ds5-asl30-vsl30-normTrue-feat2-a0.5-noiseTrue-r2,0.999935258319306,1.0,0.5648064223747249,0.5685614398549786,0.5679787647287323,0.5665544477534636,0.5676550563252623
testfm69-vgg-unified_trans-lr5e-5-bs-144-balbal-mix0.5-ls1-ld0.5-lst1-ldaTrue-e1024-se16-h4-di1-ds5-asl30-vsl30-normTrue-feat2-a0.5-noiseTrue-r3,0.999935258319306,1.0,0.5689498899391429,0.5688851482584488,0.5650653890975009,0.5670723811990159,0.5632526220380681
testfm69-vgg-unified_trans-lr5e-5-bs-144-balbal-mix0.5-ls1-ld0.5-lst1-ldaTrue-e1024-se16-h4-di2-ds4-asl30-vsl30-normTrue-feat2-a0.5-noiseTrue-r1,0.9998057749579179,1.0,1.0,0.5406577754758514,0.5376149164832319,0.5368380163149036,0.5367085329535155
testfm69-vgg-unified_trans-lr5e-5-bs-144-balbal-mix0.5-ls1-ld0.5-lst1-ldaTrue-e1024-se16-h4-di2-ds4-asl30-vsl30-normTrue-feat2-a0.5-noiseTrue-r2,0.9998057749579179,1.0,1.0,0.5866891104493073,0.5829988346497476,0.5867538521300013,0.5765246665803444
testfm69-vgg-unified_trans-lr5e-5-bs-144-balbal-mix0.5-ls1-ld0.5-lst1-ldaTrue-e1024-se16-h4-di2-ds4-asl30-vsl30-normTrue-feat2-a0.5-noiseTrue-r3,0.9998705166386119,1.0,1.0,0.5683024731322025,0.5745824161595235,0.558720704389486,0.5590444127929561
testfm69-vgg-unified_trans-lr5e-5-bs-144-balbal-mix0.5-ls1-ld0.5-lst1-ldaTrue-e1024-se16-h4-di3-ds3-asl30-vsl30-normTrue-feat2-a0.5-noiseTrue-r1,0.9998057749579179,1.0,1.0,1.0,0.613362682895248,0.596594587595494,0.596594587595494
testfm69-vgg-unified_trans-lr5e-5-bs-144-balbal-mix0.5-ls1-ld0.5-lst1-ldaTrue-e1024-se16-h4-di3-ds3-asl30-vsl30-normTrue-feat2-a0.5-noiseTrue-r2,0.9998057749579179,1.0,1.0,1.0,0.5961413958306357,0.5885666191894342,0.5785316586818594
testfm69-vgg-unified_trans-lr5e-5-bs-144-balbal-mix0.5-ls1-ld0.5-lst1-ldaTrue-e1024-se16-h4-di3-ds3-asl30-vsl30-normTrue-feat2-a0.5-noiseTrue-r3,0.9998057749579179,1.0,1.0,1.0,0.554512495144374,0.5521817946393889,0.5512754111096724
testfm69-vgg-unified_trans-lr5e-5-bs-144-balbal-mix0.5-ls1-ld0.5-lst1-ldaTrue-e1024-se16-h4-di4-ds2-asl30-vsl30-normTrue-feat2-a0.5-noiseTrue-r1,0.9998057749579179,1.0,1.0,1.0,1.0,0.5448012430402693,0.5395571669040529
testfm69-vgg-unified_trans-lr5e-5-bs-144-balbal-mix0.5-ls1-ld0.5-lst1-ldaTrue-e1024-se16-h4-di4-ds2-asl30-vsl30-normTrue-feat2-a0.5-noiseTrue-r2,0.9998057749579179,0.999935258319306,1.0,1.0,1.0,0.5875307522983296,0.5809918425482326
testfm69-vgg-unified_trans-lr5e-5-bs-144-balbal-mix0.5-ls1-ld0.5-lst1-ldaTrue-e1024-se16-h4-di4-ds2-asl30-vsl30-normTrue-feat2-a0.5-noiseTrue-r3,0.9997410332772239,1.0,1.0,1.0,1.0,0.5680435064094264,0.5683672148128965
testfm69-vgg-unified_trans-lr5e-5-bs-144-balbal-mix0.5-ls1-ld0.5-lst1-ldaTrue-e1024-se16-h4-di5-ds1-asl30-vsl30-normTrue-feat2-a0.5-noiseTrue-r1,0.9998057749579179,1.0,1.0,1.0,1.0,1.0,0.634468470801502
testfm69-vgg-unified_trans-lr5e-5-bs-144-balbal-mix0.5-ls1-ld0.5-lst1-ldaTrue-e1024-se16-h4-di5-ds1-asl30-vsl30-normTrue-feat2-a0.5-noiseTrue-r2,0.9998057749579179,1.0,1.0,1.0,1.0,1.0,0.6040398808753076
testfm69-vgg-unified_trans-lr5e-5-bs-144-balbal-mix0.5-ls1-ld0.5-lst1-ldaTrue-e1024-se16-h4-di5-ds1-asl30-vsl30-normTrue-feat2-a0.5-noiseTrue-r3,0.9998057749579179,1.0,1.0,1.0,1.0,1.0,0.6035866891104493
testfm69-vgg-unified_trans-lr5e-5-bs-144-balbal-mix0.5-ls1-ld0.5-lst1-ldaTrue-e1024-se16-h4-di6-ds0-asl30-vsl30-normTrue-feat2-a0.5-noiseTrue-r1,0.9998057749579179,1.0,1.0,1.0,1.0,1.0,1.0
testfm69-vgg-unified_trans-lr5e-5-bs-144-balbal-mix0.5-ls1-ld0.5-lst1-ldaTrue-e1024-se16-h4-di6-ds0-asl30-vsl30-normTrue-feat2-a0.5-noiseTrue-r2,0.9997410332772239,1.0,1.0,1.0,1.0,1.0,0.999935258319306
testfm69-vgg-unified_trans-lr5e-5-bs-144-balbal-mix0.5-ls1-ld0.5-lst1-ldaTrue-e1024-se16-h4-di6-ds0-asl30-vsl30-normTrue-feat2-a0.5-noiseTrue-r3,0.9998057749579179,1.0,1.0,1.0,1.0,1.0,1.0
testfm69-vgg-unified_trans-lr5e-5-bs-144-balbal-mix0.5-ls1-ld0.5-lst1-ldaTrue-e1024-se256-h4-di0-ds6-asl30-vsl30-normTrue-feat2-a0.5-noiseTrue-r1,0.9934610902499029,0.987440113945358,0.9803185290690146,0.9697656351158876,0.9500194225042082,0.9407613621649618,0.9196555742587078
testfm69-vgg-unified_trans-lr5e-5-bs-144-balbal-mix0.5-ls1-ld0.5-lst1-ldaTrue-e1024-se256-h4-di0-ds6-asl30-vsl30-normTrue-feat2-a0.5-noiseTrue-r2,0.9905477146186715,0.9843325132720445,0.9763045448659847,0.9651689757866114,0.9498251974621261,0.9342224524148647,0.9223747248478571
testfm69-vgg-unified_trans-lr5e-5-bs-144-balbal-mix0.5-ls1-ld0.5-lst1-ldaTrue-e1024-se256-h4-di0-ds6-asl30-vsl30-normTrue-feat2-a0.5-noiseTrue-r3,0.9963744658811343,0.9899650394924252,0.9749449695714101,0.9639388838534249,0.9444516379645216,0.9317622685484915,0.9197203159394017
testfm69-vgg-unified_trans-lr5e-5-bs-144-balbal-mix0.5-ls1-ld0.5-lst1-ldaTrue-e1024-se256-h4-di1-ds5-asl30-vsl30-normTrue-feat2-a0.5-noiseTrue-r1,0.9998057749579179,0.9988346497475075,0.9181665156027451,0.9092321636669688,0.9056713712287972,0.8935646769390133,0.8857309335750356
testfm69-vgg-unified_trans-lr5e-5-bs-144-balbal-mix0.5-ls1-ld0.5-lst1-ldaTrue-e1024-se256-h4-di1-ds5-asl30-vsl30-normTrue-feat2-a0.5-noiseTrue-r2,0.9998057749579179,0.9992878415123657,0.9146704648452674,0.9005567784539686,0.9047002460183866,0.9002978117311925,0.8984850446717597
testfm69-vgg-unified_trans-lr5e-5-bs-144-balbal-mix0.5-ls1-ld0.5-lst1-ldaTrue-e1024-se256-h4-di1-ds5-asl30-vsl30-normTrue-feat2-a0.5-noiseTrue-r3,0.9998057749579179,0.9992230998316717,0.9322154603133498,0.9272950925806034,0.9188786740903794,0.9132461478699987,0.9135698562734689
testfm69-vgg-unified_trans-lr5e-5-bs-144-balbal-mix0.5-ls1-ld0.5-lst1-ldaTrue-e1024-se256-h4-di2-ds4-asl30-vsl30-normTrue-feat2-a0.5-noiseTrue-r1,0.9998057749579179,1.0,0.999935258319306,0.9197203159394017,0.9098148387932151,0.9037938624886702,0.8955069273598343
testfm69-vgg-unified_trans-lr5e-5-bs-144-balbal-mix0.5-ls1-ld0.5-lst1-ldaTrue-e1024-se256-h4-di2-ds4-asl30-vsl30-normTrue-feat2-a0.5-noiseTrue-r2,0.9998057749579179,1.0,1.0,0.9333808105658423,0.9236048167810437,0.9111744140877898,0.9058655962708791
testfm69-vgg-unified_trans-lr5e-5-bs-144-balbal-mix0.5-ls1-ld0.5-lst1-ldaTrue-e1024-se256-h4-di2-ds4-asl30-vsl30-normTrue-feat2-a0.5-noiseTrue-r3,0.9998057749579179,1.0,0.9998057749579179,0.9595364495662307,0.953709698303768,0.9487893305710217,0.9427683542664768
testfm69-vgg-unified_trans-lr5e-5-bs-144-balbal-mix0.5-ls1-ld0.5-lst1-ldaTrue-e1024-se256-h4-di3-ds3-asl30-vsl30-normTrue-feat2-a0.5-noiseTrue-r1,0.9998057749579179,0.999935258319306,1.0,1.0,0.960054383011783,0.9509905477146187,0.9449048297293797
testfm69-vgg-unified_trans-lr5e-5-bs-144-balbal-mix0.5-ls1-ld0.5-lst1-ldaTrue-e1024-se256-h4-di3-ds3-asl30-vsl30-normTrue-feat2-a0.5-noiseTrue-r2,0.9997410332772239,1.0,1.0,1.0,0.9623203418360741,0.9610902499028875,0.9542276317493202
testfm69-vgg-unified_trans-lr5e-5-bs-144-balbal-mix0.5-ls1-ld0.5-lst1-ldaTrue-e1024-se256-h4-di3-ds3-asl30-vsl30-normTrue-feat2-a0.5-noiseTrue-r3,0.9998057749579179,1.0,1.0,1.0,0.9611549915835815,0.9563641072122232,0.9458112132590962
testfm69-vgg-unified_trans-lr5e-5-bs-144-balbal-mix0.5-ls1-ld0.5-lst1-ldaTrue-e1024-se256-h4-di4-ds2-asl30-vsl30-normTrue-feat2-a0.5-noiseTrue-r1,0.9998057749579179,1.0,1.0,1.0,1.0,0.9165479735853943,0.911886572575424
testfm69-vgg-unified_trans-lr5e-5-bs-144-balbal-mix0.5-ls1-ld0.5-lst1-ldaTrue-e1024-se256-h4-di4-ds2-asl30-vsl30-normTrue-feat2-a0.5-noiseTrue-r2,0.9998057749579179,1.0,1.0,1.0,1.0,0.9427683542664768,0.9368768613233199
testfm69-vgg-unified_trans-lr5e-5-bs-144-balbal-mix0.5-ls1-ld0.5-lst1-ldaTrue-e1024-se256-h4-di4-ds2-asl30-vsl30-normTrue-feat2-a0.5-noiseTrue-r3,0.9998057749579179,0.999935258319306,1.0,1.0,1.0,0.9466528551081186,0.9401786870387155
testfm69-vgg-unified_trans-lr5e-5-bs-144-balbal-mix0.5-ls1-ld0.5-lst1-ldaTrue-e1024-se256-h4-di5-ds1-asl30-vsl30-normTrue-feat2-a0.5-noiseTrue-r1,0.9997410332772239,1.0,1.0,1.0,1.0,1.0,0.8690923216366697
testfm69-vgg-unified_trans-lr5e-5-bs-144-balbal-mix0.5-ls1-ld0.5-lst1-ldaTrue-e1024-se256-h4-di5-ds1-asl30-vsl30-normTrue-feat2-a0.5-noiseTrue-r2,0.9998057749579179,1.0,0.999935258319306,1.0,1.0,1.0,0.9658163925935517
testfm69-vgg-unified_trans-lr5e-5-bs-144-balbal-mix0.5-ls1-ld0.5-lst1-ldaTrue-e1024-se256-h4-di5-ds1-asl30-vsl30-normTrue-feat2-a0.5-noiseTrue-r3,0.9998057749579179,1.0,0.999935258319306,1.0,1.0,1.0,0.959924899650395
testfm69-vgg-unified_trans-lr5e-5-bs-144-balbal-mix0.5-ls1-ld0.5-lst1-ldaTrue-e1024-se256-h4-di6-ds0-asl30-vsl30-normTrue-feat2-a0.5-noiseTrue-r1,0.9998057749579179,0.999935258319306,1.0,1.0,1.0,1.0,1.0
testfm69-vgg-unified_trans-lr5e-5-bs-144-balbal-mix0.5-ls1-ld0.5-lst1-ldaTrue-e1024-se256-h4-di6-ds0-asl30-vsl30-normTrue-feat2-a0.5-noiseTrue-r2,0.9997410332772239,1.0,1.0,1.0,1.0,1.0,1.0
testfm69-vgg-unified_trans-lr5e-5-bs-144-balbal-mix0.5-ls1-ld0.5-lst1-ldaTrue-e1024-se256-h4-di6-ds0-asl30-vsl30-normTrue-feat2-a0.5-noiseTrue-r3,0.9997410332772239,1.0,1.0,1.0,1.0,1.0,1.0
testfm69-vgg-unified_trans-lr5e-5-bs-144-balbal-mix0.5-ls1-ld0.5-lst1-ldaTrue-e1024-se32-h4-di0-ds6-asl30-vsl30-normTrue-feat2-a0.5-noiseTrue-r1,0.6520134662695843,0.6504596659329276,0.6514307911433381,0.6514307911433381,0.65965298459148,0.6496180240839052,0.6229444516379645
testfm69-vgg-unified_trans-lr5e-5-bs-144-balbal-mix0.5-ls1-ld0.5-lst1-ldaTrue-e1024-se32-h4-di0-ds6-asl30-vsl30-normTrue-feat2-a0.5-noiseTrue-r2,0.6415900556778454,0.6413310889550693,0.6397125469377185,0.642755405930338,0.638676680046614,0.6268289524796063,0.5969182959989642
testfm69-vgg-unified_trans-lr5e-5-bs-144-balbal-mix0.5-ls1-ld0.5-lst1-ldaTrue-e1024-se32-h4-di0-ds6-asl30-vsl30-normTrue-feat2-a0.5-noiseTrue-r3,0.68069403081704,0.6803055807328758,0.6724718373688982,0.661724718373689,0.6588113427424576,0.651171824420562,0.6284474944969571
testfm69-vgg-unified_trans-lr5e-5-bs-144-balbal-mix0.5-ls1-ld0.5-lst1-ldaTrue-e1024-se32-h4-di1-ds5-asl30-vsl30-normTrue-feat2-a0.5-noiseTrue-r1,0.999935258319306,0.999935258319306,0.5863006603651431,0.5823514178428072,0.5773663084293669,0.5773015667486728,0.5787906254046356
testfm69-vgg-unified_trans-lr5e-5-bs-144-balbal-mix0.5-ls1-ld0.5-lst1-ldaTrue-e1024-se32-h4-di1-ds5-asl30-vsl30-normTrue-feat2-a0.5-noiseTrue-r2,0.999935258319306,0.999935258319306,0.6566748672795546,0.6590703094652337,0.6549268419008157,0.6555095170270621,0.6485821571928008
testfm69-vgg-unified_trans-lr5e-5-bs-144-balbal-mix0.5-ls1-ld0.5-lst1-ldaTrue-e1024-se32-h4-di1-ds5-asl30-vsl30-normTrue-feat2-a0.5-noiseTrue-r3,0.999935258319306,1.0,0.6335620872717855,0.6334326039103975,0.6309724200440243,0.6293538780266735,0.6287064612197333
testfm69-vgg-unified_trans-lr5e-5-bs-144-balbal-mix0.5-ls1-ld0.5-lst1-ldaTrue-e1024-se32-h4-di2-ds4-asl30-vsl30-normTrue-feat2-a0.5-noiseTrue-r1,0.9998057749579179,1.0,1.0,0.6225560015538003,0.6200958176874272,0.6257283439078078,0.6266347274375242
testfm69-vgg-unified_trans-lr5e-5-bs-144-balbal-mix0.5-ls1-ld0.5-lst1-ldaTrue-e1024-se32-h4-di2-ds4-asl30-vsl30-normTrue-feat2-a0.5-noiseTrue-r2,0.9998057749579179,1.0,1.0,0.6603651430791143,0.6579697008934352,0.6597824679528681,0.6604946264405024
testfm69-vgg-unified_trans-lr5e-5-bs-144-balbal-mix0.5-ls1-ld0.5-lst1-ldaTrue-e1024-se32-h4-di2-ds4-asl30-vsl30-normTrue-feat2-a0.5-noiseTrue-r3,0.9998057749579179,1.0,1.0,0.6432733393758902,0.6347274375242782,0.6382234882817558,0.6375760714748154
testfm69-vgg-unified_trans-lr5e-5-bs-144-balbal-mix0.5-ls1-ld0.5-lst1-ldaTrue-e1024-se32-h4-di3-ds3-asl30-vsl30-normTrue-feat2-a0.5-noiseTrue-r1,0.9998057749579179,1.0,1.0,1.0,0.6749967629159653,0.6710475203936295,0.6590703094652337
testfm69-vgg-unified_trans-lr5e-5-bs-144-balbal-mix0.5-ls1-ld0.5-lst1-ldaTrue-e1024-se32-h4-di3-ds3-asl30-vsl30-normTrue-feat2-a0.5-noiseTrue-r2,0.9998057749579179,1.0,1.0,1.0,0.6162760585264794,0.6162760585264794,0.6163408002071734
testfm69-vgg-unified_trans-lr5e-5-bs-144-balbal-mix0.5-ls1-ld0.5-lst1-ldaTrue-e1024-se32-h4-di3-ds3-asl30-vsl30-normTrue-feat2-a0.5-noiseTrue-r3,0.9998057749579179,1.0,1.0,1.0,0.6193189175190988,0.6182183089473002,0.6164055418878674
testfm69-vgg-unified_trans-lr5e-5-bs-144-balbal-mix0.5-ls1-ld0.5-lst1-ldaTrue-e1024-se32-h4-di4-ds2-asl30-vsl30-normTrue-feat2-a0.5-noiseTrue-r1,0.9998057749579179,1.0,1.0,1.0,1.0,0.6247572186973974,0.6200958176874272
testfm69-vgg-unified_trans-lr5e-5-bs-144-balbal-mix0.5-ls1-ld0.5-lst1-ldaTrue-e1024-se32-h4-di4-ds2-asl30-vsl30-normTrue-feat2-a0.5-noiseTrue-r2,0.9998057749579179,1.0,1.0,1.0,1.0,0.6503301825715395,0.6527256247572187
testfm69-vgg-unified_trans-lr5e-5-bs-144-balbal-mix0.5-ls1-ld0.5-lst1-ldaTrue-e1024-se32-h4-di4-ds2-asl30-vsl30-normTrue-feat2-a0.5-noiseTrue-r3,0.9998057749579179,1.0,1.0,1.0,1.0,0.6327204454227632,0.6305839699598602
testfm69-vgg-unified_trans-lr5e-5-bs-144-balbal-mix0.5-ls1-ld0.5-lst1-ldaTrue-e1024-se32-h4-di5-ds1-asl30-vsl30-normTrue-feat2-a0.5-noiseTrue-r1,0.9998057749579179,1.0,1.0,1.0,1.0,1.0,0.5902499028874789
testfm69-vgg-unified_trans-lr5e-5-bs-144-balbal-mix0.5-ls1-ld0.5-lst1-ldaTrue-e1024-se32-h4-di5-ds1-asl30-vsl30-normTrue-feat2-a0.5-noiseTrue-r2,0.9998057749579179,1.0,1.0,1.0,1.0,1.0,0.6809529975398161
testfm69-vgg-unified_trans-lr5e-5-bs-144-balbal-mix0.5-ls1-ld0.5-lst1-ldaTrue-e1024-se32-h4-di5-ds1-asl30-vsl30-normTrue-feat2-a0.5-noiseTrue-r3,0.9998057749579179,1.0,1.0,1.0,1.0,1.0,0.6535025249255471
testfm69-vgg-unified_trans-lr5e-5-bs-144-balbal-mix0.5-ls1-ld0.5-lst1-ldaTrue-e1024-se32-h4-di6-ds0-asl30-vsl30-normTrue-feat2-a0.5-noiseTrue-r1,0.9998057749579179,1.0,0.999935258319306,1.0,1.0,1.0,1.0
testfm69-vgg-unified_trans-lr5e-5-bs-144-balbal-mix0.5-ls1-ld0.5-lst1-ldaTrue-e1024-se32-h4-di6-ds0-asl30-vsl30-normTrue-feat2-a0.5-noiseTrue-r2,0.9998057749579179,1.0,1.0,1.0,1.0,1.0,1.0
testfm69-vgg-unified_trans-lr5e-5-bs-144-balbal-mix0.5-ls1-ld0.5-lst1-ldaTrue-e1024-se32-h4-di6-ds0-asl30-vsl30-normTrue-feat2-a0.5-noiseTrue-r3,0.9997410332772239,1.0,1.0,1.0,1.0,1.0,1.0
testfm69-vgg-unified_trans-lr5e-5-bs-144-balbal-mix0.5-ls1-ld0.5-lst1-ldaTrue-e1024-se512-h4-di0-ds6-asl30-vsl30-normTrue-feat2-a0.5-noiseTrue-r1,0.9981872329405671,0.9974103327722388,0.993784798653373,0.9875048556260521,0.9825197462126117,0.9775346367991713,0.9738443609996116
testfm69-vgg-unified_trans-lr5e-5-bs-144-balbal-mix0.5-ls1-ld0.5-lst1-ldaTrue-e1024-se512-h4-di0-ds6-asl30-vsl30-normTrue-feat2-a0.5-noiseTrue-r2,0.9993525831930596,0.9982519746212611,0.9963744658811343,0.9922957399974104,0.9872458889032759,0.9821960378091416,0.9775346367991713
testfm69-vgg-unified_trans-lr5e-5-bs-144-balbal-mix0.5-ls1-ld0.5-lst1-ldaTrue-e1024-se512-h4-di0-ds6-asl30-vsl30-normTrue-feat2-a0.5-noiseTrue-r3,0.9985109413440373,0.9965686909232163,0.9933316068885149,0.9878285640295222,0.9803185290690146,0.9738443609996116,0.9688592515861711
testfm69-vgg-unified_trans-lr5e-5-bs-144-balbal-mix0.5-ls1-ld0.5-lst1-ldaTrue-e1024-se512-h4-di1-ds5-asl30-vsl30-normTrue-feat2-a0.5-noiseTrue-r1,0.9998057749579179,0.9996762915965298,0.9959860157969701,0.9944322154603134,0.9926841900815745,0.9910009063835297,0.9888644309206267
testfm69-vgg-unified_trans-lr5e-5-bs-144-balbal-mix0.5-ls1-ld0.5-lst1-ldaTrue-e1024-se512-h4-di1-ds5-asl30-vsl30-normTrue-feat2-a0.5-noiseTrue-r2,0.9997410332772239,0.9996762915965298,0.9941732487375372,0.9930726401657387,0.9904829729379775,0.9876343389874401,0.9847209633562087
testfm69-vgg-unified_trans-lr5e-5-bs-144-balbal-mix0.5-ls1-ld0.5-lst1-ldaTrue-e1024-se512-h4-di1-ds5-asl30-vsl30-normTrue-feat2-a0.5-noiseTrue-r3,0.9998057749579179,0.9992878415123657,0.9918425482325521,0.9887349475592386,0.9842677715913505,0.9803185290690146,0.9772109283957011
testfm69-vgg-unified_trans-lr5e-5-bs-144-balbal-mix0.5-ls1-ld0.5-lst1-ldaTrue-e1024-se512-h4-di2-ds4-asl30-vsl30-normTrue-feat2-a0.5-noiseTrue-r1,0.9997410332772239,1.0,1.0,0.9963097242004403,0.993784798653373,0.9931373818464327,0.9919720315939402
testfm69-vgg-unified_trans-lr5e-5-bs-144-balbal-mix0.5-ls1-ld0.5-lst1-ldaTrue-e1024-se512-h4-di2-ds4-asl30-vsl30-normTrue-feat2-a0.5-noiseTrue-r2,0.9998057749579179,1.0,1.0,0.9956623073934999,0.9932668652078208,0.9904182312572835,0.9858863136087013
testfm69-vgg-unified_trans-lr5e-5-bs-144-balbal-mix0.5-ls1-ld0.5-lst1-ldaTrue-e1024-se512-h4-di2-ds4-asl30-vsl30-normTrue-feat2-a0.5-noiseTrue-r3,0.9998057749579179,1.0,0.9998705166386119,0.9931373818464327,0.989641331088955,0.9843325132720445,0.9779878285640295
testfm69-vgg-unified_trans-lr5e-5-bs-144-balbal-mix0.5-ls1-ld0.5-lst1-ldaTrue-e1024-se512-h4-di3-ds3-asl30-vsl30-normTrue-feat2-a0.5-noiseTrue-r1,0.9997410332772239,1.0,1.0,1.0,0.9972808494108507,0.9947559238637835,0.9920367732746342
testfm69-vgg-unified_trans-lr5e-5-bs-144-balbal-mix0.5-ls1-ld0.5-lst1-ldaTrue-e1024-se512-h4-di3-ds3-asl30-vsl30-normTrue-feat2-a0.5-noiseTrue-r2,0.9998057749579179,1.0,1.0,1.0,0.9963744658811343,0.9947559238637835,0.9917130648711641
testfm69-vgg-unified_trans-lr5e-5-bs-144-balbal-mix0.5-ls1-ld0.5-lst1-ldaTrue-e1024-se512-h4-di3-ds3-asl30-vsl30-normTrue-feat2-a0.5-noiseTrue-r3,0.9998057749579179,1.0,1.0,1.0,0.9959860157969701,0.9943674737796193,0.9924899650394924
testfm69-vgg-unified_trans-lr5e-5-bs-144-balbal-mix0.5-ls1-ld0.5-lst1-ldaTrue-e1024-se512-h4-di4-ds2-asl30-vsl30-normTrue-feat2-a0.5-noiseTrue-r1,0.9998057749579179,1.0,1.0,1.0,1.0,0.997993007898485,0.9968923993266865
testfm69-vgg-unified_trans-lr5e-5-bs-144-balbal-mix0.5-ls1-ld0.5-lst1-ldaTrue-e1024-se512-h4-di4-ds2-asl30-vsl30-normTrue-feat2-a0.5-noiseTrue-r2,0.9998057749579179,1.0,1.0,1.0,1.0,0.9974750744529328,0.995727049074194
testfm69-vgg-unified_trans-lr5e-5-bs-144-balbal-mix0.5-ls1-ld0.5-lst1-ldaTrue-e1024-se512-h4-di4-ds2-asl30-vsl30-normTrue-feat2-a0.5-noiseTrue-r3,0.9998057749579179,1.0,1.0,1.0,1.0,0.998057749579179,0.9956623073934999
testfm69-vgg-unified_trans-lr5e-5-bs-144-balbal-mix0.5-ls1-ld0.5-lst1-ldaTrue-e1024-se512-h4-di5-ds1-asl30-vsl30-normTrue-feat2-a0.5-noiseTrue-r1,0.9998057749579179,1.0,1.0,1.0,1.0,1.0,0.9974750744529328
testfm69-vgg-unified_trans-lr5e-5-bs-144-balbal-mix0.5-ls1-ld0.5-lst1-ldaTrue-e1024-se512-h4-di5-ds1-asl30-vsl30-normTrue-feat2-a0.5-noiseTrue-r2,0.9997410332772239,1.0,1.0,1.0,1.0,1.0,0.9975398161336269
testfm69-vgg-unified_trans-lr5e-5-bs-144-balbal-mix0.5-ls1-ld0.5-lst1-ldaTrue-e1024-se512-h4-di5-ds1-asl30-vsl30-normTrue-feat2-a0.5-noiseTrue-r3,0.9998057749579179,1.0,1.0,1.0,1.0,1.0,0.997798782856403
testfm69-vgg-unified_trans-lr5e-5-bs-144-balbal-mix0.5-ls1-ld0.5-lst1-ldaTrue-e1024-se512-h4-di6-ds0-asl30-vsl30-normTrue-feat2-a0.5-noiseTrue-r1,0.9997410332772239,1.0,1.0,1.0,1.0,1.0,0.999935258319306
testfm69-vgg-unified_trans-lr5e-5-bs-144-balbal-mix0.5-ls1-ld0.5-lst1-ldaTrue-e1024-se512-h4-di6-ds0-asl30-vsl30-normTrue-feat2-a0.5-noiseTrue-r2,0.9998057749579179,1.0,1.0,1.0,1.0,1.0,0.9994820665544477
testfm69-vgg-unified_trans-lr5e-5-bs-144-balbal-mix0.5-ls1-ld0.5-lst1-ldaTrue-e1024-se512-h4-di6-ds0-asl30-vsl30-normTrue-feat2-a0.5-noiseTrue-r3,0.9998057749579179,1.0,1.0,1.0,1.0,1.0,0.9990936164702836
testfm69-vgg-unified_trans-lr5e-5-bs-144-balbal-mix0.5-ls1-ld0.5-lst1-ldaTrue-e1024-se64-h4-di0-ds6-asl30-vsl30-normTrue-feat2-a0.5-noiseTrue-r1,0.7096335620872718,0.7150718632655704,0.7108636540204584,0.7159782467952868,0.7190211057879062,0.7042600025896673,0.7047779360352194
testfm69-vgg-unified_trans-lr5e-5-bs-144-balbal-mix0.5-ls1-ld0.5-lst1-ldaTrue-e1024-se64-h4-di0-ds6-asl30-vsl30-normTrue-feat2-a0.5-noiseTrue-r2,0.7138417713323838,0.7051016444386896,0.7013466269584359,0.7097630454486599,0.7030946523371747,0.7098277871293539,0.674478829470413
testfm69-vgg-unified_trans-lr5e-5-bs-144-balbal-mix0.5-ls1-ld0.5-lst1-ldaTrue-e1024-se64-h4-di0-ds6-asl30-vsl30-normTrue-feat2-a0.5-noiseTrue-r3,0.7036773274634209,0.7157192800725107,0.7168846303250033,0.7178557555354137,0.7232940567137123,0.7200569726790107,0.6734429625793086
testfm69-vgg-unified_trans-lr5e-5-bs-144-balbal-mix0.5-ls1-ld0.5-lst1-ldaTrue-e1024-se64-h4-di1-ds5-asl30-vsl30-normTrue-feat2-a0.5-noiseTrue-r1,0.9998705166386119,0.9996762915965298,0.6959083257801373,0.6955198756959731,0.693253916871682,0.691246924770167,0.6876861323319954
testfm69-vgg-unified_trans-lr5e-5-bs-144-balbal-mix0.5-ls1-ld0.5-lst1-ldaTrue-e1024-se64-h4-di1-ds5-asl30-vsl30-normTrue-feat2-a0.5-noiseTrue-r2,0.9998057749579179,0.9998705166386119,0.6614010099702188,0.6574517674478829,0.6525313997151366,0.6530493331606888,0.6560274504726142
testfm69-vgg-unified_trans-lr5e-5-bs-144-balbal-mix0.5-ls1-ld0.5-lst1-ldaTrue-e1024-se64-h4-di1-ds5-asl30-vsl30-normTrue-feat2-a0.5-noiseTrue-r3,0.9998057749579179,0.9996762915965298,0.7245241486468988,0.7280201994043766,0.7306098666321378,0.726984332513272,0.726725365790496
testfm69-vgg-unified_trans-lr5e-5-bs-144-balbal-mix0.5-ls1-ld0.5-lst1-ldaTrue-e1024-se64-h4-di2-ds4-asl30-vsl30-normTrue-feat2-a0.5-noiseTrue-r1,0.9998057749579179,1.0,1.0,0.712287970995727,0.7105399456169882,0.7105399456169882,0.7117052958694807
testfm69-vgg-unified_trans-lr5e-5-bs-144-balbal-mix0.5-ls1-ld0.5-lst1-ldaTrue-e1024-se64-h4-di2-ds4-asl30-vsl30-normTrue-feat2-a0.5-noiseTrue-r2,0.9998057749579179,1.0,1.0,0.7420691441149813,0.735400751003496,0.7320989252881005,0.7295739997410333
testfm69-vgg-unified_trans-lr5e-5-bs-144-balbal-mix0.5-ls1-ld0.5-lst1-ldaTrue-e1024-se64-h4-di2-ds4-asl30-vsl30-normTrue-feat2-a0.5-noiseTrue-r3,0.9997410332772239,1.0,1.0,0.7027062022530105,0.6964262592256895,0.6882688074582416,0.6823773145150848
testfm69-vgg-unified_trans-lr5e-5-bs-144-balbal-mix0.5-ls1-ld0.5-lst1-ldaTrue-e1024-se64-h4-di3-ds3-asl30-vsl30-normTrue-feat2-a0.5-noiseTrue-r1,0.9998057749579179,0.999935258319306,1.0,1.0,0.7279554577236825,0.7245888903275929,0.7220639647805257
testfm69-vgg-unified_trans-lr5e-5-bs-144-balbal-mix0.5-ls1-ld0.5-lst1-ldaTrue-e1024-se64-h4-di3-ds3-asl30-vsl30-normTrue-feat2-a0.5-noiseTrue-r2,0.9998057749579179,1.0,1.0,1.0,0.6771332383788683,0.6735077042600026,0.6776511718244206
testfm69-vgg-unified_trans-lr5e-5-bs-144-balbal-mix0.5-ls1-ld0.5-lst1-ldaTrue-e1024-se64-h4-di3-ds3-asl30-vsl30-normTrue-feat2-a0.5-noiseTrue-r3,0.9998057749579179,1.0,1.0,1.0,0.739544218567914,0.737407743105011,0.7348180758772498
testfm69-vgg-unified_trans-lr5e-5-bs-144-balbal-mix0.5-ls1-ld0.5-lst1-ldaTrue-e1024-se64-h4-di4-ds2-asl30-vsl30-normTrue-feat2-a0.5-noiseTrue-r1,0.9998057749579179,1.0,1.0,1.0,1.0,0.7524925547067202,0.7475721869739739
testfm69-vgg-unified_trans-lr5e-5-bs-144-balbal-mix0.5-ls1-ld0.5-lst1-ldaTrue-e1024-se64-h4-di4-ds2-asl30-vsl30-normTrue-feat2-a0.5-noiseTrue-r2,0.9998057749579179,1.0,1.0,1.0,1.0,0.7475721869739739,0.7468600284863395
testfm69-vgg-unified_trans-lr5e-5-bs-144-balbal-mix0.5-ls1-ld0.5-lst1-ldaTrue-e1024-se64-h4-di4-ds2-asl30-vsl30-normTrue-feat2-a0.5-noiseTrue-r3,0.9998057749579179,1.0,1.0,1.0,1.0,0.7888773792567655,0.7873883206008028
testfm69-vgg-unified_trans-lr5e-5-bs-144-balbal-mix0.5-ls1-ld0.5-lst1-ldaTrue-e1024-se64-h4-di5-ds1-asl30-vsl30-normTrue-feat2-a0.5-noiseTrue-r1,0.9998057749579179,1.0,1.0,1.0,1.0,1.0,0.7819500194225042
testfm69-vgg-unified_trans-lr5e-5-bs-144-balbal-mix0.5-ls1-ld0.5-lst1-ldaTrue-e1024-se64-h4-di5-ds1-asl30-vsl30-normTrue-feat2-a0.5-noiseTrue-r2,0.9998057749579179,1.0,1.0,1.0,1.0,1.0,0.792049721610773
testfm69-vgg-unified_trans-lr5e-5-bs-144-balbal-mix0.5-ls1-ld0.5-lst1-ldaTrue-e1024-se64-h4-di5-ds1-asl30-vsl30-normTrue-feat2-a0.5-noiseTrue-r3,0.9997410332772239,1.0,1.0,1.0,1.0,1.0,0.7442703612585783
testfm69-vgg-unified_trans-lr5e-5-bs-144-balbal-mix0.5-ls1-ld0.5-lst1-ldaTrue-e1024-se64-h4-di6-ds0-asl30-vsl30-normTrue-feat2-a0.5-noiseTrue-r1,0.9997410332772239,1.0,1.0,1.0,1.0,1.0,0.999935258319306
testfm69-vgg-unified_trans-lr5e-5-bs-144-balbal-mix0.5-ls1-ld0.5-lst1-ldaTrue-e1024-se64-h4-di6-ds0-asl30-vsl30-normTrue-feat2-a0.5-noiseTrue-r2,0.9997410332772239,1.0,1.0,1.0,1.0,1.0,1.0
testfm69-vgg-unified_trans-lr5e-5-bs-144-balbal-mix0.5-ls1-ld0.5-lst1-ldaTrue-e1024-se64-h4-di6-ds0-asl30-vsl30-normTrue-feat2-a0.5-noiseTrue-r3,0.9997410332772239,1.0,1.0,1.0,1.0,1.0,1.0
